known_concentration,instrument_response
348.0,216993
87.0,61126
21.75,15320
5.4375,3960
1.359375,1127
0.33984375,500
0.0849609375,411
0.021240234375,350
0.0,440
348.0,220711
87.0,58840
21.75,13650
5.4375,3600
1.359375,1150
0.33984375,580
0.0849609375,410
0.021240234375,390
0.0,461
